"id","promo-code"
"1","DSNY-5JYpe-pg0NG-fpiWs-n048T-HIeq9"
"2","DSNY-sdMaw-FmYkh-xEyDv-pVwP5-wWNYw"
"3","DSNY-eQl5m-753zZ-fAgIz-sdJci-Vlx8F"
"4","DSNY-G8pBv-UPyd3-AbtJf-e8xRV-kr0Zz"
"5","DSNY-BMHfX-409i4-m3D4R-gqPfN-MyfLP"
"6","DSNY-KNJaf-W8RHq-8duw8-vjWh5-SRxUi"
"7","DSNY-KxqFS-ShMLC-8q2AR-3Emer-OrQrt"
"8","DSNY-thSz1-d6Knp-zhIdA-FC91a-7MqFW"
"9","DSNY-ZF3He-Ngrme-0Em9R-PStw1-7aX0Z"
"10","DSNY-nY8Nw-CjNfi-9h7o0-s5m9o-eo0Wc"
"11","DSNY-NZa3y-IlXpV-4Ygz9-3iMmP-tVn8I"
"12","DSNY-jYBtJ-afyPn-i2tWn-lrgMN-SMLmh"
"13","DSNY-cZTC4-X9cVQ-BPAUV-sJnvc-VgZG8"
"14","DSNY-0KgCQ-CKBNb-1zHwN-ghkCc-OTLdw"
"15","DSNY-5rXNP-QMZaP-0ZHg4-Erju4-PheD7"
"16","DSNY-7ZRI6-bmVfK-56AgO-nQ6SB-ZF4wr"
"17","DSNY-kLnqH-DiqXW-OS3NU-dtQ5z-RVWF5"
"18","DSNY-bgLU4-bGIoU-VdAhx-fnJQj-tdiNN"
"19","DSNY-GyjsE-t1Pg4-D7Yx0-6XaPJ-S17rr"
"20","DSNY-26kGG-XKN0F-r6rId-7aJT4-AAApd"
"21","DSNY-JC1oV-UuXVH-KdCiG-GctHA-3ctmq"
"22","DSNY-gYs7J-wwWtR-FtSMJ-qfDmu-5lflC"
"23","DSNY-EDt5U-uybLb-4dMW8-44lTl-qAzCk"
"24","DSNY-8QRsv-490LQ-u3P35-iKa88-niw1W"
"25","DSNY-v0zoJ-cN9cO-pEL2o-8lJZy-84pdA"
"26","DSNY-kBAGb-G09wJ-nRmeQ-vnMUJ-JKCBX"
"27","DSNY-iplRj-JJxXL-tp9Ud-I57UI-bvgQl"
"28","DSNY-VuGmQ-KOJj3-ZNQFU-tVk2M-jRw1C"
"29","DSNY-LfmTw-SUgP5-khHbs-vhAuk-PsEgg"
"30","DSNY-cwvGP-56KGR-TvT95-l3OzN-ujm4J"
"31","DSNY-wDEA5-mfHJ8-DvIQ5-ZsYKC-CFVK2"
"32","DSNY-vUGOO-VP0D1-tn7Zn-uzngG-OTijx"
"33","DSNY-HMq4q-KKlzO-18vck-uqCOU-4C91E"
"34","DSNY-CMCIo-UFqG9-HuOpU-DZ2eA-wjs2G"
"35","DSNY-eBzpp-3h5kW-dc0g3-tJd8a-np1Ix"
"36","DSNY-NdmKe-jOvSy-zwlKr-X23Ye-5gOlO"
"37","DSNY-1ZmE5-X1kzn-0nKrU-VVdE3-gzvUF"
"38","DSNY-WuMZ1-620g7-A3se8-nK01t-kQnwS"
"39","DSNY-N1icM-AqLv0-KJFPe-YvDRB-cH8Qz"
"40","DSNY-LfnTr-NPVmL-dunhn-Z4vaT-kZAqH"
"41","DSNY-grd2F-tLemC-JMepP-27pNd-0fLBD"
"42","DSNY-lA3AL-U1JEy-ScL5u-Da5An-6nrK7"
"43","DSNY-ZJl0w-Eqe8d-iLrej-u3n0K-dBmE9"
"44","DSNY-5lBAO-7zLAP-YYmyB-9LZEz-XPZoj"
"45","DSNY-ZGRrO-NAaay-sE61e-HW3Dh-LoLpC"
"46","DSNY-PuQdN-2ZxJp-UUgeT-8ZAyf-0SHk5"
"47","DSNY-FUGDo-WYwEE-nSBsI-ddMrI-in6qo"
"48","DSNY-c8oMC-CXduP-SdSZD-h785S-KLGTB"
"49","DSNY-8kdsK-x962p-ELiw6-reQZq-bEVQR"
"50","DSNY-eWcys-iWAUR-rrqre-dKI3U-AtvKO"
"51","DSNY-VrT82-uQWic-d9BSE-fUnp7-DnpLv"
"52","DSNY-QKLNb-9bgTi-BpfUa-pe5Gt-454Q5"
"53","DSNY-icTiC-oZVo4-6qRgP-6MrN1-7LBXk"
"54","DSNY-U0w0C-mKso8-aTcEZ-Ei2fO-Ifj3T"
"55","DSNY-vmoGg-crXMa-6ZTKq-a39Rj-7Jzaw"
"56","DSNY-8igEv-6BoF7-dDuA9-vMO8o-5IUSF"
"57","DSNY-xYYpK-5Ei0f-13o9a-TaioL-igB7h"
"58","DSNY-MR6df-wgRf4-4YSZf-K3F4m-NSua0"
"59","DSNY-WdkpM-942sX-OZCab-alsGW-4p0c4"
"60","DSNY-7Zn1D-sFdaO-SLLMq-3AwLG-F8A8I"
"61","DSNY-FjykI-dqzek-hvSme-VZTwH-DVumB"
"62","DSNY-Q3I6G-g375Q-qN8yv-PRqr7-iIK0F"
"63","DSNY-8a4Wj-tZItB-OAGvf-Mi4lG-UGJJz"
"64","DSNY-CtygD-mBgi9-UhNY1-49vvw-tkIEe"
"65","DSNY-1GbZT-hT4rC-4CKd0-v7AAh-Q0bHD"
"66","DSNY-nJdBz-RUBYG-l9ACT-WkRxX-CUhAu"
"67","DSNY-mVMR4-RCsic-T4ioM-ubH41-hGzXx"
"68","DSNY-tfIDB-gBbJb-8uzVT-xTIPm-DOdbA"
"69","DSNY-np1re-xQJWP-MpGBF-mMxU5-Wf4Gs"
"70","DSNY-9Xcja-IW1su-MOW0c-4DhFD-jko6K"
"71","DSNY-YWq6e-3SaHW-7zcKy-vcj5c-LDR4R"
"72","DSNY-EU7s4-MtIVE-tjZyV-DS2Ld-h1VPN"
"73","DSNY-RBp7Q-2RVCS-YmS6V-bJb26-vQkpP"
"74","DSNY-Cl2FA-rwnV2-5gTw4-OGV7g-DmMr0"
"75","DSNY-d4PPU-ugbQa-ZfBFZ-XeIys-F4S2j"
"76","DSNY-7QEHz-KTIcb-iwwmL-UcqQf-CWO0E"
"77","DSNY-zay0L-V7sL0-r8c48-8bYjT-qtPMx"
"78","DSNY-cxgzj-saYij-RVq4c-ffuKv-89BBN"
"79","DSNY-NGpkM-ckMSR-7835Y-sKH33-ncyOV"
"80","DSNY-GkCyK-YeBAW-5t1D7-03cax-TEtTT"
"81","DSNY-EnDXG-nNl85-xMVz8-4IB0a-6kbXy"
"82","DSNY-OcPWm-ZJIUK-Do20n-C6bPt-upxf2"
"83","DSNY-OmTzd-ZJPcX-4MVTN-yaDQf-xMVVZ"
"84","DSNY-u8Ro1-mVCqQ-G8zJv-QJiGh-nTPgE"
"85","DSNY-qc4Oq-d2IOg-QOKTp-1G4zI-EOFWG"
"86","DSNY-NBxFj-TujSN-9dbNX-nnbFB-xpfo5"
"87","DSNY-sBajY-JaoAG-xiHHq-D21pm-XlMNk"
"88","DSNY-sXs0S-iqreQ-1QkKQ-adnPs-e2Sus"
"89","DSNY-oUSnB-NNR4O-2tUpL-HcpkY-2tJvp"
"90","DSNY-yCG0c-PJzUv-XwIY0-uRvMy-YZM2o"
"91","DSNY-Dkaou-0mDe4-UYUsm-q7KtX-WcP3e"
"92","DSNY-wHNhV-o5VeM-RV4Vg-N4loL-lJunG"
"93","DSNY-ABn73-OSphU-OUvxt-wRD2y-etRN9"
"94","DSNY-EebjY-bROXp-GquoZ-MDN14-zGzUL"
"95","DSNY-3wjln-Eaedw-kOEbW-w84KA-PRnNR"
"96","DSNY-QZECD-D0vaj-oWOu2-7aumc-SMZQg"
"97","DSNY-DmGDO-ymmHI-SrI8g-2ifSo-TXcmp"
"98","DSNY-fxiL0-mq9Bp-Ehtd0-SNRk0-d4yyH"
"99","DSNY-pRgEl-jslRk-JKDuL-zXyzq-GXwZk"
"100","DSNY-OShxX-lOPAC-izYRh-QVOvK-I7wap"
"101","DSNY-3HS9l-MLR5m-vELcx-iFsgH-FHgIB"
"102","DSNY-CLak7-5FYPe-13Cew-Uq7PL-aI71Z"
"103","DSNY-pBSim-nKmMx-ZkZBj-phqcU-eDnQC"
"104","DSNY-4oOGs-f3IFO-eGaQO-gIOLi-fcZDM"
"105","DSNY-7Wnf6-I1vr3-AKMon-kMHPz-vXAJj"
"106","DSNY-uizDB-to7c6-Ly9Cv-xXlPo-Vabjk"
"107","DSNY-LErLI-SoA92-3ZEUe-2DNl2-z7wOc"
"108","DSNY-YQBVp-Hadei-AAkwV-FftCf-RT0b0"
"109","DSNY-73c2U-kxlRR-UmdOq-ZTXap-HBTuP"
"110","DSNY-GnM1z-xtOAU-viRBU-qFm4q-EOBtD"
"111","DSNY-VfVP2-CAy0j-xwo4m-DKTUz-CSTp1"
"112","DSNY-dchnB-pqfWu-3BrrG-JWQzz-hFSMj"
"113","DSNY-eJj8x-BHw7r-zN3SR-cdWj1-fSTJr"
"114","DSNY-UiChJ-XQwoN-j0uGd-1fOkR-iDbj2"
"115","DSNY-hK5HH-sB2x2-wyvPM-mdiC2-VxbKC"
"116","DSNY-aOM5E-KROXc-72m9t-BO4gT-Qt4Eb"
"117","DSNY-geR6z-O1pwv-VWPIH-13xSh-QzJvM"
"118","DSNY-2Yaa7-WFpec-AQo85-Y0QdT-IU038"
"119","DSNY-rDSOj-7UBKB-jguVz-qsIgw-m9yQn"
"120","DSNY-tpiZ9-SCvwU-TP5Az-cKFX5-pRCJK"
"121","DSNY-Gel5B-GwexO-Oy2pX-WcHaO-YCRLo"
"122","DSNY-RUWew-1pQaR-hVQKP-wkxpK-JNKNE"
"123","DSNY-Kf2vL-VcDf8-oSdgc-PzwYL-jlsYa"
"124","DSNY-bbVbs-ot7kp-nuoJY-kBtTc-nYJTm"
"125","DSNY-5VBQe-3KyWZ-ARIqw-66u4g-p2x17"
"126","DSNY-2Bm7b-RJRQw-Z2GOS-idEk0-kp5HH"
"127","DSNY-KiXEQ-40Kbv-Is5N9-turbc-ytbU3"
"128","DSNY-btn8v-5B67k-Wip9k-12rzN-t5BuT"
"129","DSNY-oPMlB-PRSYx-VFrdD-12Su1-b6bmP"
"130","DSNY-f2Afn-vdA9y-RhyxB-TgGnb-83YVA"
"131","DSNY-nkozs-YIlh0-mavgQ-gbFrz-BUXEs"
"132","DSNY-MZtxz-kAtIm-4HFKq-lw0qG-hYs1f"
"133","DSNY-EmGI5-BTMum-4FxYF-7iN9E-80hSm"
"134","DSNY-tepVO-40tI0-fPMAE-5bc1v-CqILu"
"135","DSNY-8EYHR-A5bCy-Np3vr-A1oSD-tPcYH"
"136","DSNY-AnEf7-bQQS2-g0J61-ZJkMl-l6tcA"
"137","DSNY-Kam4g-ikeEG-4Q1qW-UMIp3-2Oiwi"
"138","DSNY-VPzYb-rrsCM-eeilK-cWIxQ-DPHJm"
"139","DSNY-Nmxhx-zHskr-HxCka-QDqtR-GXiId"
"140","DSNY-EH5ba-7numO-XIb05-ucqyt-Y2Aaj"
"141","DSNY-B37hK-EMaJs-8ERvi-GQjGc-zlwY2"
"142","DSNY-TkvNp-tDu5F-jsdjA-gCpM9-bCXdR"
"143","DSNY-T3mih-UEmbV-YviG5-EhIR4-n6mBX"
"144","DSNY-5Ha3V-Jy68S-YkFZz-nynZ6-heUzn"
"145","DSNY-JXuPU-bS5K7-KeahE-IfZ3d-PlpyQ"
"146","DSNY-npTW4-R8Jb7-tuSsS-DUccU-PcDXT"
"147","DSNY-yuaT1-kynrs-ICDz9-WNC0u-UNxxe"
"148","DSNY-uXP6h-XZQM9-dq16O-ho60S-iWnW1"
"149","DSNY-r2EHt-w6be2-FzJWz-OuuxH-HzKSs"
"150","DSNY-Bix0b-HOxgR-zQhqK-UNBwH-8g8Ya"
"151","DSNY-NdEYU-7zEoy-u8Mrm-Dn5Vk-vfmIp"
"152","DSNY-toGpL-PrVkF-qOFuK-5el0M-2M7n7"
"153","DSNY-vBTvK-tAAoS-gLgY9-Jjqsy-tNist"
"154","DSNY-OFgDJ-RBZts-zaUTF-PYxOd-de9mD"
"155","DSNY-R7wCk-BmxmE-N75RK-1JjJT-goBB4"
"156","DSNY-YZirt-O9kmr-VUEas-ioUf3-iVira"
"157","DSNY-QQbrR-HBswd-JAcKC-5rHtb-1d8PM"
"158","DSNY-Pp34Q-IdJdU-GHXws-S3DvT-8AIiM"
"159","DSNY-ZPWyq-OAQ6F-iJSq0-o7gr2-xBRoe"
