"PromoCodeTag","promo-code"
"TEST-NpOSG-ONBlz-CXiiT-E760I-KrbFR"
"TEST-DFNCV-zRFrS-GK5xa-IpgLn-ge0FE"
"TEST-B4PSJ-5hhov-MkZEd-1WhY1-dZibV"
"TEST-b4DFm-rtl5O-SHMDE-pt67N-fURQJ"
"TEST-dr57d-YuRc0-KopQk-46JNw-1R1ws"
"TEST-HWlce-zq2z9-y3qE5-Hm6aD-YVTWV"
"TEST-PMaaO-RT6DA-EgYud-sICpT-rzD5M"
"TEST-GcxGB-cKpyW-eUxmR-wvtzu-eWNQs"
"TEST-C3x3Z-I2iM9-P2Zcy-ZeVAn-BEAcZ"
"TEST-F2YMx-AEhPz-UdIYo-nzJJi-Txvbz"
"TEST-b62Fb-FdBeX-RJJns-fpcr3-afC4p"
"TEST-Hey8C-afCX5-zaukS-8AU2t-UTaWX"
"TEST-bnuKx-YayAr-IdPcM-DbeGB-p8Phl"
"TEST-vQW1k-zkKhw-tKXcX-fjyOk-Snxid"
"TEST-Gu5lO-zKKuA-P74mA-BXJbe-VX9LW"
"TEST-phD4c-xQ4Xm-CgOhw-sWW6t-3OHyr"
"TEST-HVeHM-1wkSa-FJubA-wNHcx-ZFj9q"
"TEST-aqhFR-UiIap-BV6XN-SgitL-mE7mc"
"TEST-duQ66-wYnzJ-8HIzV-BXDtm-hKJHF"
"TEST-0fHhO-vuIhO-kttX8-jboVv-AbQIo"
"TEST-5F9p5-bMHmL-gFxDA-TQBaQ-s3L9F"
"TEST-97foP-7jxIr-xwZqv-H3uQt-b5ubG"
"TEST-bOzxM-2lVrO-15eB3-mO7oz-uRu4f"
"TEST-OTI1K-ygyOO-STnKJ-1BrX8-Ggyhr"
"TEST-gC4QD-UOvYR-r7Noj-I4PhE-Jb92u"
"TEST-bUvU6-FrIQ9-eHNC6-7TAr0-xLHtc"
"TEST-HVTBn-KAklJ-JlthV-xWBo4-7h6Mo"
"TEST-896Ms-ij0un-Mf9Op-GL4TK-kHSCS"
"TEST-YRM4b-67R4i-OXDlF-zB6gx-6pYEC"
"TEST-ZPGBq-Q88N3-OgI0V-n6DQh-xg2t3"
"TEST-2e3nQ-4S9gQ-ZsoSI-25h2d-VnhZb"
"TEST-lqS63-rDamW-GuQLI-Q6DOH-jPLqz"
"TEST-A6UVz-uLnIF-gSxYe-7Uf5B-jE3Wz"
"TEST-FPxQJ-rgLlX-OyHug-4Lsan-YzcUu"
"TEST-SzjMy-6nu8B-LXHVw-peBXs-nsQDC"
"TEST-eq2Cu-HzwKT-BgAYx-AORAN-VH7FH"
"TEST-0c6ME-Mn1na-BW0O5-saJuw-BXjUU"
"TEST-hjw6j-C79Tb-fsFL0-FeAkf-uDRbq"
"TEST-S1M2i-obbzb-9hclb-pCrfK-Cptg0"
"TEST-IgfwW-LnfK1-qEdTe-Q7id3-ioQlP"
"TEST-N5kQw-kS58j-sxuM9-cUaYZ-YEZkj"
"TEST-Ok4vI-xPmyU-LUtfz-KvUoq-LjVHK"
"TEST-yWbz6-wGj4s-SMuWU-5DKdi-cQbMK"
"TEST-er0W6-YgeYw-U2oUZ-G5pnM-XELa5"
"TEST-M4ehn-rY7Ui-Zw7O0-P0qqE-lLoxA"
"TEST-zeGbB-JjpXf-fU5dd-oSvbT-V29vD"
"TEST-xIUHK-a1wAv-Lr7HH-KReKt-pZXyE"
"TEST-zkd4i-dq2AP-eCAIs-XePSQ-jW0D5"
"TEST-gjVZu-NBfH3-cRA8p-6MZIt-zuJbJ"
"TEST-uWIG4-nwfPv-W0SLM-RatUx-qTXhY"
"TEST-Huzqu-cuBnK-CCNiP-Yg6k1-Ey6rh"
"TEST-gDkDj-Uejvr-boBLJ-Mae1B-1WfBg"
"TEST-0Byvf-lw1L1-XheAe-Zg4qZ-IfJih"
"TEST-UwOwh-mQXHs-a1BUH-ZNLvs-qx8Ks"
"TEST-mKyzG-9ohvl-zSiR8-g2HGD-C9Lc4"
"TEST-6K3a8-dvuH1-kw5qy-NKjOz-b2a2r"
"TEST-ovRJY-Fh5WS-IycRu-EwRLG-Y4NXu"
"TEST-mHx8w-pjv1i-suyYv-57hA4-QmwN2"
"TEST-UF5cy-8VefX-qsIlm-qjJqQ-i6jL8"
"TEST-U8phL-v6M0V-LQLCP-DuREk-b9LBh"
"TEST-Gfgx8-ISRsv-KrGdt-9nyaL-NGWE2"
"TEST-ZiZla-r4YWJ-ZRB3Y-n2LJh-mtVTz"
"TEST-ljxqZ-wo7yN-YloKQ-ljPoO-9ROkZ"
"TEST-oxAud-miBCx-eDRY7-kycBt-QVeTU"
"TEST-lHCYc-ZnUjo-EV9rl-VCW7r-g9LUD"
"TEST-M4S19-A8oRa-FnpPc-mvkR2-ydm4w"
"TEST-KpHvV-47wzE-FSmBg-ma6CG-zlrl9"
"TEST-CgfUa-7NZZB-y82OY-MQQAC-3h6Oe"
"TEST-0Qdrq-2p3qA-aX922-KdN1q-Za2dd"
"TEST-hYc6j-XFQ4c-61Tpo-kizdc-d3rtf"
"TEST-U5cpv-dfcB3-kHX6e-BV8Qr-Ilxav"
"TEST-8DXvt-56Eqs-wOJRm-ox8vc-Rm7p2"
"TEST-FqVpI-UPUFC-SEXHW-zIZJ3-N6JPY"
"TEST-FCYsC-eVGYZ-SJPBv-Og194-xlEZU"
"TEST-6f9eH-yyzIO-dK8dx-uzPP8-1VU8O"
"TEST-y3NW1-2rWCr-dzgyP-y29aY-tlYGh"
"TEST-wmiNX-0d1n0-VIGhS-EefBT-EZClk"
"TEST-Z9Y2D-SvXaV-Oyb5W-zaoap-Lui6Q"
"TEST-HsoFt-NIhX8-D8L8y-jeQYd-ETMzt"
"TEST-to957-65GL6-MaypS-XsixC-BvhCW"
"TEST-UKy3H-8bsvo-bVYe7-2xLlw-FNsd6"
"TEST-qrUpN-wWQCm-WpNxv-kTQwW-QtUXk"
"TEST-mK55u-IYyau-CFSSK-BeAe1-gxgM5"
"TEST-DfRx4-7UzgE-MYqJB-slRu9-JJwm9"
"TEST-WrvZ0-0o1Ku-UJOfO-yRKr5-cxDHB"
"TEST-T7F4G-6P0nw-qHbGo-CKyDv-iKYsL"
"TEST-6Pihq-XObN4-mRave-M0P7a-npxRD"
"TEST-qdA1P-erWKA-nK3nt-U3ZHV-gjW19"
"TEST-XLXyu-k06yB-fDrkz-SG5fB-xR9Va"
"TEST-KwEqD-GDcV2-zMBZ1-qmjSN-ReTDF"
"TEST-UrjdO-zO1j0-KQDAX-zMi3R-c6brW"
"TEST-XDAnn-a4pyB-b7WEX-c75YM-8w77M"
"TEST-5XRB0-d02y4-n33R9-jCLr7-XYAlW"
"TEST-YKI1M-oVA0v-LQKlO-D9UBw-GFIn5"
"TEST-cwS6L-2QEGh-69o05-2vnSt-4NpTr"
"TEST-XCdKv-uxMKX-yEMVs-IxdBK-RxwbH"
"TEST-AkRNS-eapzh-Saj1n-ShDq3-OoImK"
"TEST-HTOQq-kuzJF-HiV4i-2zKMD-OcedH"
"TEST-SBI2E-UtUvk-D2ZLQ-IdwhC-jJ3aT"
"TEST-7dkod-LeGh8-itVQ4-HY2Ug-5IAtY"
"TEST-PS1Zb-xwPAY-bmzWs-rwhCA-okVsC"
"TEST-yti9b-ry4iX-D6Ldr-fFlOC-P2Q1m"
"TEST-86uiJ-ZrMq5-TeUGP-BqgcU-MFPUq"
"TEST-Krdo6-WD4dC-7T7Rp-IJIGh-t5V8U"
"TEST-c5AGt-QUjwg-JXf7A-2oh7V-wBbGG"
"TEST-NVz7v-EDR9h-3QrFI-dfQqS-MwUw6"
"TEST-h2vlb-P3Px6-m11Qh-anc1d-kSDEP"
"TEST-ISZcs-idI0m-Xlexe-SHJQ6-N4BNB"
"TEST-eznOC-6o1kg-3OcsX-h3yM0-erHMb"
"TEST-mzpHV-4qqQ9-C0Wq4-AZSHC-K79Yy"
"TEST-bLikJ-Ay3gn-mUN5B-7zFMZ-RBo1C"
"TEST-WSuwR-UdDNv-yu12a-XSw1U-IAx95"
"TEST-TtaNN-J3bdu-mqWcU-VbfHB-Vt4aY"
"TEST-KdLWC-V6uwe-ybHaW-aKhOi-C80uZ"
"TEST-dSwM1-CtXoB-8DW6D-lkiNE-Vdkyo"
"TEST-tFNSh-eMkJ5-Nyesa-ffcuz-PU7cB"
"TEST-PiZ9s-ZB8sW-TnIKs-v5pIw-MIfa3"
"TEST-FNQhc-3SHbw-ep5QH-VbgmG-8Zu9k"
"TEST-qVEkE-q1Yqx-sVfaQ-MYLNd-YhR4o"
"TEST-xFzAC-MrC2v-UjmR7-6PJCy-nzHLD"
"TEST-HOoWF-MDqJQ-50aPB-WrFfs-7rZHJ"
"TEST-ktFH0-DScuG-G8GJS-OntKi-XSUQU"
"TEST-MCzHs-mSFuk-OS33Q-tYRjM-eqG5X"
"TEST-DjaS9-N8o9u-0jZVm-XBE9K-Rm533"
"TEST-xFI2K-Ri2z0-fl8nd-5emOd-E1Yt2"
"TEST-an9l0-vEYnu-V9AqQ-C1vSE-Y2Hxc"
"TEST-cFZke-tfyY6-lcf1S-3NDSh-yNTYO"
"TEST-vmcVW-ZWrdr-3talv-LKyTt-lKxvq"
"TEST-YmzK8-lUPLc-3mbN6-qzzTl-usvgi"
"TEST-rKnxT-rABtm-DfznH-WoFyJ-K7FpQ"
"TEST-zWPxA-84BNu-3QSKX-tzHY2-8e9av"
"TEST-O8mng-lAlAD-WplsC-a50Gm-pydeJ"
"TEST-gwHGW-eI9M6-unnJh-JsStA-PReyd"
"TEST-QqMS9-D2fEH-zLuZV-oSP2M-tSJzW"
"TEST-YwXxl-LYzXj-FZmJ5-bETrg-ag6hM"
"TEST-7OuQ6-TOlB3-HQX3E-Ae0Sx-d41gf"
"TEST-KIfkm-ltEHy-uGniq-LRF5E-vTnDV"
"TEST-oqm4M-3X206-bAqws-CAFEy-dILr9"
"TEST-nDIuK-uG5Re-jgZnC-iTWIq-MaGMT"
"TEST-G3ryS-0DD0R-13wep-BIbUH-zmBIm"
"TEST-8wjLT-omFnD-Vs80Q-e4evo-edZPl"
"TEST-JjqTP-lYIQn-GEs39-snceH-Anm2t"
"TEST-IvAfC-UPumf-JJIM2-fCAGq-vc8XS"
"TEST-6sIz3-6Uowg-SgkNQ-UTCYJ-uG4Bx"
"TEST-hiEUQ-CdceC-0Wnu5-BLCyH-c3awT"
"TEST-gCCwd-Y6z5i-BQi1J-jBTxj-F5vvl"
"TEST-2fdoB-h39bQ-jeUy5-9N1f0-RCUDQ"
"TEST-nKS2i-LdzKI-vwkVV-XfwTu-q4TSR"
"TEST-rc4A8-2WDiW-Y6IZE-wEtFV-n9xVk"
"TEST-WeIsd-CpuWZ-WUnDV-YgOld-h8Y6a"
"TEST-1WUBN-gVEWO-Wirot-hmPKa-mnrsa"
"TEST-uu1BJ-aqWfh-BCNZZ-4IGtM-f0DcM"
"TEST-t8FlF-54Pdh-EG97A-1FPaN-8N8LJ"
"TEST-UPXX4-wPqVY-qn4U9-RMxyc-fdv0p"
"TEST-3fry2-PuyXK-mHMWR-EEOTV-YvSda"
"TEST-HBsjN-oXMnc-au8WG-e3vAN-tY5PA"
"TEST-LgOQi-X1cpa-tLqHW-iaTaq-DREhz"
"TEST-OKthd-PJlQD-pSjFk-q4DC6-zMvqd"
"TEST-CNEDO-a7xUa-FC3zb-iJ5ul-81TX2"
"TEST-wETTg-jvdBs-suQVc-xqmfo-yC1vi"
"TEST-TxFZm-m6rY8-qVLp4-xdfjl-Ug1oL"
"TEST-TjEhj-2ml23-W6AHP-PxBH6-IE71h"
"TEST-drgmW-5BbYS-pBBuF-nNTEy-csulv"
"TEST-0CPHh-vkiA0-ui7TF-JUOQQ-56n5B"
"TEST-tF5r3-r3kKa-xtfpH-RYWBQ-s5xzW"
"TEST-cw7My-mJdCW-vJiay-s3Q0M-eMu1n"
"TEST-pXR6x-Wqcmj-TyRPK-vRziA-UqSzg"
"TEST-jXz4o-Jh1C0-eCk5Y-ZcvTI-1u1vF"
"TEST-VeOrQ-rq6j8-FCJ8B-ZQHw0-205zu"
"TEST-tBgTz-Qm4EA-y1VdO-vpKQQ-14m7G"
"TEST-NimyR-0cQv6-7ZmfC-uPCbW-6FS41"
"TEST-3IpTv-mouxi-2Y7eo-TYkZg-Sif7y"
"TEST-e7Zrc-Wq5o3-Gk1Xa-RZTiM-lSM15"
"TEST-893Xr-CglCg-Y2ShF-hTKif-fIEtE"
"TEST-rlfph-9Sbzb-Kigwb-WKHQW-OvR4v"
"TEST-Nky6j-KnM2V-mm4zY-SVaHD-M6pVW"
"TEST-zYPnv-AZaAQ-DOqYe-tLWqr-C6X6o"
"TEST-UI9SM-Mpmdw-Kpcma-3mXgt-y112u"
"TEST-y2qto-wwb2Y-XXHZx-llNpn-AzHUY"
"TEST-FPVMf-Gni1d-9I4eU-nSbnq-euXgn"
"TEST-xhMFp-oF8xx-HVSvF-X3M6Q-LhReP"
"TEST-MfYFj-20n6O-SuTXh-USJ5k-sCYbD"
"TEST-zm3Zx-c6Zo8-dwsGi-Ra06y-UeRCy"
"TEST-U1t26-85fW1-PWWJ4-UD1mz-B3C53"
"TEST-FvOto-ek3ii-uBIzn-plbrz-FoqXM"
"TEST-kVoHv-gVsZ1-frUWu-E6zcB-T7H1O"
"TEST-950ud-GG7US-mGmKf-XA5ak-6aWn4"
"TEST-Mhm7D-hekme-lxGHi-0Uw1a-DuP2o"
"TEST-pHJiT-rvzlp-VKfId-mGpZ7-Pap0f"
"TEST-GlHkN-8M2dX-2Ioh9-qZV3P-dS89z"
"TEST-hTCKS-qTMgJ-BTNU8-CqhOr-kg1Na"
"TEST-GLspa-Zbx0F-MEwIw-AuU3J-T2PtO"
"TEST-JBgJ1-5f5Tt-F5cWj-ZnPqi-Idjyx"
"TEST-QqdTd-8cP95-11g6l-6i3lg-ioTw1"
"TEST-TtpTl-suvTk-KUhuD-OstHb-QoxqS"
"TEST-XtExy-LhDBm-NeKkz-J9Th4-l2znq"
"TEST-9hawF-b8WJH-kElqV-eNO5J-uMXvs"
"TEST-oeP00-ERM24-i8HPx-oyxpJ-tkKdJ"
"TEST-LJpLO-pEGUM-UdcaC-Xy5WU-idiev"
"TEST-DTrSK-WRHe6-fKCOg-eeRV5-YWGgt"
"TEST-qbN7O-7bTRZ-QqgcD-qTCAx-02UJA"
"TEST-bozft-CC9fB-4j5f1-XMVOp-qDJYW"
"TEST-7G9fd-WIt8l-87Peq-gknir-SgfrE"
"TEST-pZmNI-xOfNj-Pfn2X-TJPmF-IjEmU"
"TEST-DkJX5-TvxyK-QBypz-GFAca-xRh2r"
"TEST-SMYUX-bQADI-XxgiB-3FkAs-GsdHt"
"TEST-DCJTI-8Jaxu-YoykO-aKWJI-hPovs"
"TEST-luPoN-xjMVc-MmETZ-dEySK-SQMDG"
"TEST-WrU9h-1DM5l-ju11i-xvJ3m-7ZsYx"
"TEST-4EwdV-Hw2gq-MI12g-rt2SH-NQetw"
"TEST-J0iEX-gk72q-EW5uQ-w4pA0-EhhN8"
"TEST-ozfpW-D3Mmv-xtaAY-DVbEN-R1Co5"
"TEST-EUHG9-7JT6q-7W4kj-CPgZJ-FZ88N"
"TEST-51xBq-Shvrm-XuUT7-a1qeF-TkWzU"
"TEST-17qes-4ZlGe-AbuZr-9wyLp-IwhAx"
"TEST-SGOIv-rfZIh-4nArB-DZYFV-Yu724"
"TEST-w6Y1U-RgVnu-bYfYL-TdXEU-aZTSS"
"TEST-wvcp6-kI5GW-rZvux-p2W1n-gUeVU"
"TEST-vB7B8-4tnCC-qOPz5-76LZZ-qZRTa"
"TEST-LE2gY-XJ6bI-GgKcq-y9Ddb-lGGIZ"
"TEST-t4mwh-S5ObD-MK1iA-THQkI-b4f3G"
"TEST-1rMnC-eAtr9-RX2U6-7286w-T4bC7"
"TEST-6unEg-9eS5M-Nk6Nw-YSJ47-Uwjhy"
"TEST-VyHxd-YP9ux-JXKRE-cbqSe-UTn1w"
"TEST-CjpZ6-HUENb-u747I-ftAWv-FLNy8"
"TEST-4tnYz-mCljl-ruZmu-QGC9N-RNqqb"
"TEST-RrU6L-NWQep-C1Whs-0JaZl-J3iQ0"
"TEST-dT8rW-BjpK1-Mc8Xo-HwZYL-fIOlF"
"TEST-tjjyu-ZH4kK-zvoNk-6IT23-EcdEm"
"TEST-WrNha-y1Kku-yXnpi-n3RD8-yvEaL"
"TEST-VsPdD-F5Lwc-oKeio-ZfxRS-Tbt8a"
"TEST-5HZ8P-f7mMx-yO0wu-NkvES-2aEaW"
"TEST-X0bpZ-OZuok-t6aX0-9wXas-veMQK"
"TEST-rAZS5-ASl0X-AhDY6-LG9vJ-5PKm1"
"TEST-Xdlqy-WfFUZ-VpnNC-M7Os6-gKjG4"
"TEST-vWGz1-FCV7q-o3jmJ-OXulD-c0P25"
"TEST-RYAoL-Ohu1C-JC991-63Dpj-K1kKS"
"TEST-xSKTa-xqknK-Aoasg-n5wJc-YkW8G"
"TEST-mAHnV-DtfYM-Fawvp-usaY6-AL2Mb"
"TEST-B7c5n-LrK7e-2Thwp-znL65-Rt5uL"
"TEST-LQ3fi-zBr2E-oK83B-XcuDY-Tq9xR"
"TEST-4gBlR-3P1p4-eDRKF-MoD3Z-rVq16"
"TEST-HSgzS-W2sTR-etP7p-GEw3v-JFO75"
"TEST-rfK4G-Kgm6e-ovCHW-vTaCP-WBauB"
"TEST-4Bgc0-8LCx2-ujqJN-3lPLQ-XgKrR"
"TEST-Alymh-fowm1-E9CZI-bE8uj-Pww2l"
"TEST-oPHvd-Na5n2-lC1qS-BiIXy-70bul"
"TEST-uszT5-TN8d8-CMrNk-offc1-vMTrl"
"TEST-ZlCvV-QpexT-LMciq-WKpQb-myHqY"
"TEST-u1ieL-QvIpJ-qo2Zc-BkLhJ-rJxge"
"TEST-eHweK-OtWn2-uwmLE-bfGfi-mmbLK"
"TEST-J4jmy-A2jmq-SdHAv-xJNIo-rNyV9"
"TEST-ov5Wv-DxIHu-72fzt-JSiLq-s0BOU"
"TEST-Nd6w9-OxLLj-FEn3Y-UHRQA-tqbsp"
"TEST-5wZem-MiRwN-EmmFJ-bYVz2-8kVuY"
"TEST-rm7Gz-AhswB-SzIIe-l8o7G-MbVk5"
"TEST-fyWpu-VMVZd-Qrisb-NExV5-a9cIB"
"TEST-yFprl-Tz9pr-JBY4i-huG3p-FSggy"
"TEST-cD7Mx-fTQMB-qqkhs-b6R1X-PPjvM"
"TEST-W6rFk-u4EWI-TD6zw-0QOxq-KZ648"
"TEST-rRdh9-Pb1rj-iq6sO-3gAkt-ebrIw"
"TEST-eLsHl-fxENi-83smt-SC1RM-GtcD7"
"TEST-Z6HEa-lH9ff-IuSHL-6rK6P-4AKq5"
"TEST-iI6Nq-T6gPm-Tk7mZ-oDQXL-ZuX9x"
"TEST-lgPqx-rVERE-nQ64T-BQ2rb-aqkoX"
"TEST-Tv9GK-azulq-5Y4y0-veMY2-zvxfw"
"TEST-MYMgI-JOpDX-HjIs6-QyQMK-K02pE"
"TEST-KyfX0-HV4Zm-YB87s-cHiuv-e5TBT"
"TEST-vJwLp-li5h1-nY7vc-PDIEn-HOWUX"
"TEST-qYMEZ-tSNHy-0Zhxv-uwudy-wVLqC"
"TEST-odn3g-ow3HN-vqwz5-dPVmb-YRKFO"
"TEST-BLYrB-C8Yaj-UsmZd-vlzaS-9K30E"
"TEST-FJ8iO-7BOC8-gsO9X-EzcOd-k5E0d"
"TEST-3ZcKp-hH5oj-1f96s-8WPQD-SVdij"
"TEST-CzZmR-y4Dln-a3bWW-juqZE-uf4z6"
"TEST-IBIUl-F3RY3-NLlGF-moS1h-g3CDr"
"TEST-pzXxg-xZI7q-aqvab-ORSUs-HcjeB"
"TEST-EUJdE-HJfhY-dCF6m-Nl6Hl-io9Qs"
"TEST-HkrTr-4kfBE-Wtbqf-8OvD2-rEXE9"
"TEST-M2b3s-FpipK-er1J4-z2E7x-0yKOf"
"TEST-aRqoO-AOfVB-w6YZ8-wnhd9-eQvnQ"
"TEST-lRb1L-L0u2q-zgePC-7pYQX-dccE4"
"TEST-os2HR-pjm0M-Aop83-9lKCg-ldGuS"
"TEST-p80Sb-1gIYX-X5VbG-gENIx-Iv87c"
"TEST-w5pde-YwGBd-Y1lSL-QwtuF-4vlUx"
"TEST-b0pCt-PnmcK-TurXe-m0KTH-X91ns"
"TEST-VEeq5-VOExs-JDmBA-Lfr79-KocQg"
"TEST-qj8rn-aMHD3-L156K-SHrDs-iSwHP"
"TEST-xeI7W-OoxLo-zjSvG-1OcFc-SfF9Z"
"TEST-Wq24G-4k6Ev-aucM0-xF1lm-hM8it"
"TEST-ebHIU-a1ZXb-L15VU-CbdC2-0908l"
"TEST-Vrvu6-22u9Y-Jsg97-idAXJ-lzlsc"
"TEST-WjaZJ-9pCi3-wBWGf-H2JaK-DmetO"
"TEST-CDZCq-2UNPy-4swOY-Uh6qH-jzJeJ"
"TEST-xjvjd-ojO4b-OFC5l-EUSKl-EWN4i"
"TEST-rOUaj-fmChT-HQxlD-TygnR-NiFgt"
"TEST-rSAou-Doxky-8e8lJ-SzPbH-3XJfx"
"TEST-tDbCg-PhhoL-DXPM0-SXaqx-FxDyp"
"TEST-AAdw2-MMLlu-Y1Qcz-J9QfD-p848S"
"TEST-TjWEx-5PmRA-jZ0Ru-gq9SK-8RlsV"
"TEST-BQGj7-ruZFC-ReaV2-m1AeC-FzQpW"
"TEST-LoFEy-ioGoX-ZX3BN-lf5gU-Y2ouZ"
"TEST-xeJHm-jh5pj-1TXbJ-MifCR-BqLhK"
"TEST-RONLw-Dc61w-14NbA-6vh0E-Itltk"
"TEST-U72Pg-AKXY1-vLoay-pbQrj-9xueN"
"TEST-1p6SE-QVcmq-0KKMd-XKt2A-M2V3W"
"TEST-7H8nV-9VQTv-nh4Sl-icm6b-qi6qh"
"TEST-6Gm5m-zaD3a-0GdN0-dqzjr-EdBk3"
"TEST-som7H-m4515-Bnrwe-h3RQY-1eQPy"
"TEST-UKr9L-8azjM-uXZFZ-t54Dg-qGLbC"
"TEST-1uWEf-aJ1eO-Luok1-2eFKS-k0eOx"
"TEST-FdmQJ-pzcoi-xkC0k-GwxTK-ReepG"
"TEST-PsY9d-knomr-Dk5b8-i49On-uH5Kg"
"TEST-DeFSi-cMm3M-4ouRB-HjDcu-fbwVU"
"TEST-vL1GM-wNuuh-b0JPN-vf8uk-JLNto"
"TEST-xr2Ls-3qhHB-25Jb0-up4p2-euPz1"
"TEST-Jsm25-m8ZSa-cM5rl-E3cbJ-axtCH"
"TEST-3GGGH-4TZyo-t0vxp-UTv6u-tQ3Bx"
"TEST-KOUz3-JBOu8-0y2W5-GDKzc-GH0wo"
"TEST-kkidj-ROZUA-mjjlB-wrLLo-QZRPS"
"TEST-DtCk4-Segcw-zOw61-VnvRC-YemP8"
"TEST-GwzG2-8RKQU-na4bi-6ChEw-QijpJ"
"TEST-Sut0p-Npt8m-ezf2q-N4Ibo-pcMq0"
"TEST-JykpF-Ys7G7-fP6Nw-GtJMH-Ixy2E"
"TEST-7Z3zJ-cWP0S-D7Fab-AUEWe-wKg0h"
"TEST-tvUuV-wld56-OgaM5-yBZbI-JuxOK"
"TEST-gcLM4-h1FCA-IoiFa-pA3lC-s5p5h"
"TEST-t2CW0-5unNT-39hHL-7EEEz-7267W"
"TEST-ruoZy-Yxtot-xXcoo-GkiNz-ZsiaD"
"TEST-fXynn-WwRNj-6OKfw-qmleJ-X3Jsk"
"TEST-0cV9i-Hbl67-uDXIX-k0YP9-DhPqJ"
"TEST-11icg-kHSjD-kZcd1-UB75r-1p1hQ"
"TEST-REdHI-PZKKb-6VJFf-aLzW4-u5RCq"
"TEST-kYVUx-acXsS-PHMiI-Cz5yr-DtzI1"
"TEST-jqnmg-2QTO3-JySOl-bOqoV-wiOZK"
"TEST-asWZ9-7r6Ft-MyfDf-5oQpF-o8Y2o"
"TEST-mxljV-bTI3b-fmHfb-5Y9du-lN3CX"
"TEST-OIs88-c7b0y-O9ruG-MBw13-N70rc"
"TEST-mRgcQ-nM2ur-Nlh7M-r7vb1-TfMSh"
"TEST-hFUdC-P5lPE-4rW5y-XclL8-JvGyg"
"TEST-c62X2-S3DN6-FAnw4-GGody-VupxX"
"TEST-F5lKw-3TC0d-oez8H-V6aBw-LsN0k"
"TEST-6x4fD-LEj3U-BNG8K-JmP11-aySn4"
"TEST-Sfy9F-tORzg-ZGuaD-MQfZ1-Zm3kb"
"TEST-EM8he-2f7se-Px8Hc-4fdKT-7KRfV"
"TEST-Uxw2X-4GWjK-s2R7e-M241P-SMqmS"
"TEST-5iNx2-qWbT0-0ih3L-sT6Ob-kDJmC"
"TEST-rJ6rJ-LpORF-gf7no-a6SDT-HRIh2"
"TEST-bYynm-nqY8Q-LStub-OatUJ-CMXoD"
"TEST-Z7YoB-AA2Ts-Rhqw3-8Bil1-O3pwU"
"TEST-BVPHD-Woaca-Aaxuk-hV89s-yKEEq"
"TEST-8J9N1-SBqYO-WHpPk-Ad31b-iht2j"
"TEST-k9ICY-09agG-ppc9F-kEGqn-FRXbG"
"TEST-kxDnL-F5eZz-VsPNX-zp079-J3WUM"
"TEST-x0Kne-rUgNU-dnyFO-GQ5A8-QHZ7N"
"TEST-xCl5Q-eoURZ-0aEin-pW4nk-YgqV1"
"TEST-VOpVu-1SNzc-ZZsOf-s78Su-qn3Wq"
"TEST-0KUw0-Z73KX-lGTTH-pYiun-MbmQZ"
"TEST-jgT3w-Zrsnb-I0G0f-cRURu-URzdO"
"TEST-1qtx4-ZsBea-EpwWn-opTPM-VaxmG"
"TEST-ue6Rt-LE9DF-loXmA-aA9YF-912dV"
"TEST-DsTBs-RHywv-JgOn0-l9Ne2-N0Uah"
"TEST-1vUz9-XKH8w-rHvQT-UBsvg-qj6Uf"
"TEST-S2IHL-99UDl-nJhED-HViCM-mGTyW"
"TEST-eVhao-9OC9N-VVS41-OxglO-1kXwn"
"TEST-Cppc7-F8YXR-g5SCp-xcEqS-xj6r4"
"TEST-pFQif-7XQqZ-pKG2x-1d7VG-g0IEV"
"TEST-ifZcC-9awbW-lV2Kn-6TAjF-vHTTa"
"TEST-BBNo4-hvHL9-YBxz7-4Bao0-ZCOlx"
"TEST-3vSc8-afdp4-pRCO1-Vb7bg-hXZkH"
"TEST-tijYs-T1Ju4-d2u14-mkmgH-wkWJJ"
"TEST-5fl5J-AXZQv-L6WYY-j7hVp-xD959"
"TEST-f1Us5-mE3bx-3Aknb-NrvMC-AIf2g"
"TEST-SkGmn-mV6D2-dQysw-4MCut-av98m"
"TEST-Bm9I0-ZsaGm-TaLHo-Eo7gf-9N7aV"
"TEST-y8BvM-Q4iVZ-bCcRV-1wRwy-HuraK"
"TEST-NzKwp-NwVMi-ZNf7H-8Y6uR-d4xO3"
"TEST-hZRw5-YAXGO-Ymmdl-DuKWK-rN9Q5"
"TEST-eUfBN-oUNiy-HJSRo-hUamF-ppa3p"
"TEST-FCvL7-ve6K6-giATH-JhRh9-jrnED"
"TEST-RvUvr-pAIU3-pxHnm-Y00pQ-WqnNV"
"TEST-Wwv2Z-mkCdB-KU2qn-ZLxnu-Do8NW"
"TEST-kWh7h-0QqFS-MIeS0-4NFbT-jLqMi"
"TEST-c3ATa-PF2Y5-i8PFX-JbV4C-vezsD"
"TEST-8yE4s-WQLtw-oRlbR-xLedo-Yv0GC"
"TEST-0mW5R-UTv71-vSVwn-O4w4v-3v1QL"
"TEST-zeTop-1v5yi-hWqKZ-rynDo-57Wtw"
"TEST-EUWkd-pJYuK-hgeDg-2LYVM-aT8Ck"
"TEST-ZCvwO-cz14n-OukeR-bP1vL-ex3YR"
"TEST-DDS5I-I7S1R-QSQ19-4O5KL-D5wcs"
"TEST-EwyHc-7ERF9-yGtIV-GAPFT-izG7C"
"TEST-iIr7y-QLMfF-YYxIB-Ibpx8-FZJii"
"TEST-vuniv-zIX5C-pTo2q-T9QBA-BLszO"
"TEST-q3TeY-5y8v7-lmGeS-VHm1B-Ke1Is"
"TEST-IJxE5-4kkOw-AukSp-2cw80-dKUPm"
"TEST-nzzMP-mEDAF-JHSsr-5RvHL-2dbGU"
"TEST-wJosV-bJoSf-Q9tT5-82Tud-RXx13"
"TEST-ZWRJT-VepFg-jbDF4-zd1z8-EnGAE"
"TEST-EfAuf-0XoBz-EGLBs-5YIPu-PJg7g"
"TEST-2jEjV-oXf55-rURWl-9Nj8M-EYAUM"
"TEST-ENHxy-duxBt-ZM72P-aFogd-soxxW"
"TEST-29zZS-BNpmf-nASgt-ufp1g-S8o9E"
"TEST-97edY-NoMEr-WTG0G-YWprI-n4jnG"
"TEST-txonU-qulpu-pElGv-hkkPk-dWxij"
"TEST-5BPqV-QGKW3-h126f-8EoAS-CkovB"
"TEST-1oIab-bZM5d-PEG6p-AEiEc-EmKmP"
"TEST-5Y2z1-gc07t-rdb0z-UAbfz-chjkK"
"TEST-VNdyw-8QYgs-I589M-udQB1-FF0A8"
"TEST-kDeEb-ps4qq-vByNY-nWFGE-zB1mb"
"TEST-D125A-NApMD-8niu4-FHHvJ-UNwaD"
"TEST-m58YI-4t939-iC0pL-th2ZQ-m0aED"
"TEST-4T04Y-eCITH-cqAQB-CiC0o-Yzv8o"
"TEST-srjxY-ugzsN-RTL7i-A2Og8-ZdtZM"
"TEST-2rCwy-XFyhI-wufkO-QcPE8-HcZPh"
"TEST-Zd9gk-oRgrY-5Q01Y-DqFi5-bZPEQ"
"TEST-RLbKs-HAvwT-wIhu8-E7Drn-KRMK8"
"TEST-4vuh7-pEJGY-QUk7f-EK1n8-BOgcd"
"TEST-9n2Mi-OB4AK-O8cjd-qOKmd-uNIly"
"TEST-tf5ue-gJR9W-vXzBH-t6DpL-rekXa"
"TEST-uiIva-DORji-nmP6J-qzjRx-0YRRs"
"TEST-toJvf-scwXE-s4L4y-kDDxE-E9Zk8"
"TEST-3nHRR-GxlKz-H9hJl-CESxE-ztpOi"
"TEST-xUpIB-oAdsa-AMb0f-gLZ3T-QRC50"
"TEST-OeAg2-HahIN-WLo3x-W32xr-YDBmb"
"TEST-yU5Oa-48VMi-ZIFNe-7B9po-T85mn"
"TEST-8NHrd-PzMer-HMY5k-1IbF2-AUjg4"
"TEST-vTJXQ-uE9if-C13xx-zPLuv-nqJAP"
"TEST-A1iyD-FU24I-08tBI-IF70a-7gzCC"
"TEST-n43FS-dvFwf-4LDsK-2efLD-wWVvA"
"TEST-ELcMA-NL4Qx-PwuvQ-0QD4a-weUhO"
"TEST-oSiN4-Djmyv-dV9Cc-fOM7t-nzFuK"
"TEST-dESJf-FyxRS-6lSdD-4zEAz-fAThc"
"TEST-S0oe5-WSnqW-mHPoE-KUdZv-BsU9z"
"TEST-0L3oU-Z0KAy-Ck4g4-HeuBp-FULfl"
"TEST-4ySAX-R16rp-qVkHD-Wppye-y5iCI"
"TEST-QWzQa-6sX0R-MjkCe-6dt2I-gTzyQ"
"TEST-faboU-fqLyf-u5Se3-MAudZ-iEUPC"
"TEST-TRWnX-AkXow-Ar3Ej-qPvQg-td0CW"
"TEST-KQytq-Fr7gT-yeJhO-SnLZK-HJ9S4"
"TEST-r1Mlo-FPX2I-QZoMJ-fGo4p-42Lm8"
"TEST-gxIWV-8mlYy-jSqjD-zwx9i-U8G1v"
"TEST-iuIrS-Ml9bH-1OxS2-YdrsF-C61wN"
"TEST-bpQYe-S6XT0-UE83t-8MkCq-08Qll"
"TEST-fsVzU-SSLCM-oOqRJ-xKMUD-O0MAh"
"TEST-JAKPY-Z0CNd-q68g2-b3rsn-jh3Pa"
"TEST-pR01f-kQRcr-YOXtv-R01aI-fXBAQ"
"TEST-DK6zG-VhXYS-KcuCp-tAbnv-mH1vR"
"TEST-jvIZd-9QCiQ-BVQgM-McCnZ-ePM1F"
"TEST-BrQiH-BQG9O-sef3o-I5i1g-0b9EV"
"TEST-zo13N-kcZiJ-E8730-0KJom-ixdwp"
"TEST-8yJ7m-xLUP3-UruhW-DARJH-wly4d"
"TEST-U0Si8-M85oB-2ERrf-V3BIw-FE47g"
"TEST-V7jt0-wAfV1-gjblt-pQfHg-n0e6b"
"TEST-z6YeE-mF5If-qdlOi-2KCD1-vXdvJ"
"TEST-JCvbs-9YVgM-gj8nH-DwiU3-Xi85N"
"TEST-4IVig-hy4bL-8mXIW-6Oum8-m8Pd3"
"TEST-8GTpP-T3YKm-nmFyl-YQHXc-M4nbq"
"TEST-QJOMN-MVSRk-YpvkB-nS8wB-4oSqR"
"TEST-EXpep-VrIaZ-Y9yGU-5KjPd-w15UG"
"TEST-ZQZoa-lEKl3-E6bMx-nJHlu-jqZlQ"
"TEST-PHMER-AGF3S-fnlYe-mCxzy-OwdY2"
"TEST-u4gIJ-WE5jI-fedwH-W8lOx-KVOLm"
"TEST-KamYr-1RsXs-i2lHJ-7afsH-xqlsA"
"TEST-ZttZP-DUN3g-5mPNJ-VpiYF-9lLBP"
"TEST-kftI3-F95Xp-l61bx-WErfk-Sbrgl"
"TEST-Yu5uN-CFD4c-bvGdv-q1A05-B8mSI"
"TEST-6Cq5m-sFjlh-MzoEP-3qAhj-Hv9hc"
"TEST-r0C80-VeTUL-r3juH-63o3n-HVLT9"
"TEST-1wjAl-J8HK4-uKzFu-qf2PQ-fmCP9"
"TEST-uCagW-8nwes-epoEG-2OJOV-u18D9"
"TEST-BVMjC-98jGA-UN20V-x8lHn-w1IjT"
"TEST-xQegl-ajJJp-4OdQV-KgUOq-ZNsS4"
"TEST-ZGE1S-Hughy-KaF1m-BVsgo-dl2eH"
"TEST-kHpra-WoPBv-hNupp-aXvjM-K96Cr"
"TEST-solzI-b3TkH-gZXxA-JfbvG-zXn1A"
"TEST-nXgo9-LTRwl-ATad6-r8Odz-xXS84"
"TEST-zhAd5-2jVHL-V4kzw-izm6Y-jGsPR"
"TEST-cLeMV-2hYHR-TIgtZ-3qXLf-ubYWA"
"TEST-k3Fvb-i11QN-1LGVl-xwtic-Ffrty"
"TEST-C9Dkv-hguCQ-DOos5-4tBfc-UYCvz"
"TEST-Elyti-KRc5S-AAb9N-TySIH-LGPnp"
"TEST-kykOo-CY4We-x7mWl-dEVCL-CU18L"
"TEST-CnMNI-dhSmP-tjEpv-a83lG-ltV5V"
"TEST-TagG9-xAYUB-UMZl4-Ni5sR-daAQG"
"TEST-2Qd9i-zQM3i-QMfTf-7TVF0-iyilH"
"TEST-Jyr5u-h4u5m-VCwRm-ex4Oy-3ocge"
"TEST-XTRLu-YVMGR-uZdzp-rmrd8-2Njan"
"TEST-66W9k-hQkZj-jEIkM-Ns8L7-CuRNx"
"TEST-U4h0k-nKGQ2-mWmKv-Vg6ha-C28OA"
"TEST-lTiTh-e65pk-S9jD4-hQSAH-ilIIb"
"TEST-nXkid-MEIbq-CIHz4-7V0WD-v8WAW"
"TEST-PtsyL-lKOCi-NLD0C-s25xk-ocgd6"
"TEST-GeUeD-eAusZ-aXiAU-71Jur-1btr3"
"TEST-YCHFS-ka0UQ-WjAM3-ff1x0-tV1cA"
"TEST-9uRgz-KfxPY-lLxyV-CQ4Tm-lQ9Jh"
"TEST-iwTBr-7Rpre-aF1BX-6AYpz-qHQ8J"
"TEST-NQ84b-WPn5O-LwlO1-MzaBS-UI6x3"
"TEST-0j88m-VRLrT-L1wug-037d8-RVVGV"
"TEST-bPOkj-mi9Yl-HYG4q-1RhaV-HGoHG"
"TEST-uZLg7-WSjxN-ZWFIN-ypJzj-pqUfD"
